<?xml version="1.0" encoding="UTF-8"?>
<project-private xmlns="http://www.netbeans.org/ns/project-private/1">
    <editor-bookmarks xmlns="http://www.netbeans.org/ns/editor-bookmarks/2" lastBookmarkId="0"/>
    <open-files xmlns="http://www.netbeans.org/ns/projectui-open-files/2">
        <group>
            <file>file:/C:/Users/Asus/Documents/NetBeansProjects/DesignPatternCommand/src/designpatterncommand/DesignPatternCommand.java</file>
            <file>file:/C:/Users/Asus/Documents/NetBeansProjects/DesignPatternCommand/src/designpatterncommand/HospitalOperations.java</file>
            <file>file:/C:/Users/Asus/Documents/NetBeansProjects/DesignPatternCommand/src/designpatterncommand/GenerateReportCommand.java</file>
            <file>file:/C:/Users/Asus/Documents/NetBeansProjects/DesignPatternCommand/src/designpatterncommand/CommandInvoker.java</file>
            <file>file:/C:/Users/Asus/Documents/NetBeansProjects/DesignPatternCommand/src/designpatterncommand/Command.java</file>
            <file>file:/C:/Users/Asus/Documents/NetBeansProjects/DesignPatternCommand/src/designpatterncommand/AddPatientCommand.java</file>
        </group>
    </open-files>
</project-private>
