<?xml version="1.0" encoding="UTF-8"?>
<project-private xmlns="http://www.netbeans.org/ns/project-private/1">
    <editor-bookmarks xmlns="http://www.netbeans.org/ns/editor-bookmarks/2" lastBookmarkId="0"/>
    <open-files xmlns="http://www.netbeans.org/ns/projectui-open-files/2">
        <group>
            <file>file:/C:/Users/Asus/Documents/NetBeansProjects/DesignPatternAbstractFactory/src/designpatternabstractfactory/Admin.java</file>
            <file>file:/C:/Users/Asus/Documents/NetBeansProjects/DesignPatternAbstractFactory/src/designpatternabstractfactory/DesignPatternAbstractFactory.java</file>
            <file>file:/C:/Users/Asus/Documents/NetBeansProjects/DesignPatternAbstractFactory/src/designpatternabstractfactory/Nurse.java</file>
            <file>file:/C:/Users/Asus/Documents/NetBeansProjects/DesignPatternAbstractFactory/src/designpatternabstractfactory/NurseFactory.java</file>
            <file>file:/C:/Users/Asus/Documents/NetBeansProjects/DesignPatternAbstractFactory/src/designpatternabstractfactory/AdminFactory.java</file>
            <file>file:/C:/Users/Asus/Documents/NetBeansProjects/DesignPatternAbstractFactory/src/designpatternabstractfactory/ResourceFactory.java</file>
            <file>file:/C:/Users/Asus/Documents/NetBeansProjects/DesignPatternAbstractFactory/src/designpatternabstractfactory/HumanResource.java</file>
            <file>file:/C:/Users/Asus/Documents/NetBeansProjects/DesignPatternAbstractFactory/src/designpatternabstractfactory/Doctor.java</file>
            <file>file:/C:/Users/Asus/Documents/NetBeansProjects/DesignPatternAbstractFactory/src/designpatternabstractfactory/DoctorFactory.java</file>
        </group>
    </open-files>
</project-private>
