<?xml version="1.0" encoding="UTF-8"?>
<project-private xmlns="http://www.netbeans.org/ns/project-private/1">
    <editor-bookmarks xmlns="http://www.netbeans.org/ns/editor-bookmarks/2" lastBookmarkId="0"/>
    <open-files xmlns="http://www.netbeans.org/ns/projectui-open-files/2">
        <group>
            <file>file:/C:/Users/Asus/Documents/NetBeansProjects/DesignPatternState/src/designpatternstate/DischargedState.java</file>
            <file>file:/C:/Users/Asus/Documents/NetBeansProjects/DesignPatternState/src/designpatternstate/DesignPatternState.java</file>
            <file>file:/C:/Users/Asus/Documents/NetBeansProjects/DesignPatternState/src/designpatternstate/PatientState.java</file>
            <file>file:/C:/Users/Asus/Documents/NetBeansProjects/DesignPatternState/src/designpatternstate/AdmittedState.java</file>
            <file>file:/C:/Users/Asus/Documents/NetBeansProjects/DesignPatternState/src/designpatternstate/Patient.java</file>
        </group>
    </open-files>
</project-private>
